qid,level,tag,tag_kr,sub,sub_kr,situation_kr,partner_jp,partner_mp3,partner_kr,answer_jp,answer_mp3,answer_kr,d1_jp,d2_jp,d3_jp,hint_kr,mode,section,stage,explain_kr
R001,N4,aisatsu,인사말,meetup,언어교환(모임),언어교환 모임에서 처음 인사를 받았을 때,はじめまして。,01.mp3,처음 뵙겠습니다.,はじめまして。よろしくお願いします。,11.mp3,"처음 뵙겠습니다, 잘 부탁드립니다.",こんばんは。,お疲れさまです。,いただきます。,처음 만났을 때는 인사 + 잘 부탁드립니다가 자연스럽습니다.,real,1,1,‘はじめまして’ 뒤에는 보통 ‘よろしくお願いします’를 붙여 관계를 시작합니다.
R002,N4,aisatsu,인사말,meetup,언어교환(모임),상대가 'よろしくお願いします'라고 말했을 때,よろしくお願いします。,02.mp3,잘 부탁드립니다.,こちらこそ、よろしくお願いします。,12.mp3,저야말로 잘 부탁드립니다.,さようなら。,どういたしまして。,すみません。,같이 잘 부탁한다는 표현을 떠올려 보세요.,real,1,1,"‘こちらこそ’는 “저야말로”라는 뜻으로, 첫 만남에서 매우 자주 쓰입니다."
R003,N4,aisatsu,인사말,meetup,언어교환(모임),상대가 일본어 공부 여부를 물었을 때,日本語を勉強していますか。,03.mp3,일본어를 공부하고 있나요.,はい、勉強しています。,13.mp3,"네, 공부하고 있습니다.",いいえ、韓国です。,ありがとうございます。,大丈夫です。,Yes/No로 짧게 안정적으로 답해보세요.,real,1,1,질문에는 구조를 그대로 살려 ‘勉強しています’로 응답하는 것이 자연스럽습니다.
R004,N4,aisatsu,인사말,meetup,언어교환(모임),서울에서 왔는지 물었을 때,ソウルから来ましたか。,04.mp3,서울에서 오셨나요.,はい、ソウルから来ました。,14.mp3,"네, 서울에서 왔습니다.",よろしくお願いします。,どこですか。,こんばんは。,어디에서 왔는지 말해보세요.,real,1,1,‘〜から来ました’는 출신을 말할 때 기본 패턴입니다.
R005,N4,aisatsu,인사말,meetup,언어교환(모임),오늘 처음인지 물었을 때,今日は初めてですか。,05.mp3,오늘 처음이신가요.,はい、初めてです。,15.mp3,"네, 처음입니다.",どうも。,失礼します。,さようなら。,질문에 나온 단어를 그대로 활용해보세요.,real,1,1,‘初めてですか’에는 ‘初めてです’로 응답하는 것이 가장 안정적입니다.
R006,N4,aisatsu,인사말,meetup,언어교환(모임),일본을 좋아하는지 물었을 때,日本は好きですか。,06.mp3,일본을 좋아하시나요.,はい、とても好きです。,16.mp3,"네, 매우 좋아합니다.",はじめまして。,すみません。,いただきます。,감정을 짧게 표현해보세요.,real,1,1,‘とても’는 간단하지만 감정을 확실하게 전달해 줍니다.
R007,N4,aisatsu,인사말,meetup,언어교환(모임),얼마나 공부했는지 물었을 때,どのくらい勉強していますか。,07.mp3,얼마나 공부했나요.,一年ぐらいです。,17.mp3,1년 정도입니다.,韓国から来ました。,大丈夫です。,こんばんは。,기간을 짧게 말해보세요.,real,1,1,‘ぐらい’는 대략적인 기간을 말할 때 매우 자주 쓰입니다.
R008,N4,aisatsu,인사말,meetup,언어교환(모임),오늘 일하는지 물었을 때,今日は仕事ですか。,08.mp3,오늘 일하셨나요.,いいえ、今日は休みです。,18.mp3,"아니요, 오늘은 쉽니다.",ありがとうございます。,よろしくお願いします。,どうも。,Yes/No 뒤에 간단한 정보 추가가 자연스럽습니다.,real,1,1,‘今日は休みです’는 일상 대화에서 매우 자주 쓰입니다.
R009,N4,aisatsu,인사말,meetup,언어교환(모임),일본 문화에 관심 있는지 물었을 때,日本文化に興味がありますか。,09.mp3,일본 문화에 관심이 있나요.,はい、あります。,19.mp3,"네, 있습니다.",初めてです。,失礼します。,さようなら。,관심 표현을 짧게 말해보세요.,real,1,1,‘興味があります’는 관심 표현의 기본 구조입니다.
R010,N4,aisatsu,인사말,meetup,언어교환(모임),모임이 끝나고 감사 인사를 들었을 때,今日はありがとうございました。,10.mp3,오늘 감사합니다.,こちらこそ、ありがとうございました。,20.mp3,저야말로 감사합니다.,どうも。,こんばんは。,いただきます。,함께 감사하는 표현을 떠올려보세요.,real,1,1,헤어질 때는 ‘こちらこそ’로 응답하면 관계가 부드럽게 마무리됩니다.
R011,N4,aisatsu,인사말,first_meeting,첫만남(자기소개),언어교환 모임에서 이름을 물어볼 때,お名前は何ですか。,21.mp3,이름이 뭐예요.,私はミナです。,31.mp3,저는 미나예요.,私はミナでした。,私がミナです。,韓国から来ました。,이름 + です 형태로 간단히 말하면 됩니다.,real,1,1,자기 이름을 말할 때는 ‘私は〜です’가 가장 기본입니다.
R012,N4,aisatsu,인사말,first_meeting,첫만남(자기소개),언어교환 모임에서 출신지를 물어볼 때,どこから来ましたか。,22.mp3,어디에서 왔어요.,ソウルから来ました。,32.mp3,저는 서울에서 왔어요.,私はソウルに来ました。,私はソウルから来ます。,映画が好きです。,출발 지점(출신)은 から를 써서 말합니다.,real,1,1,‘〜から来ました’는 “~에서 왔습니다/왔어요”라는 기본 자기소개 표현입니다.
R013,N4,aisatsu,인사말,first_meeting,첫만남(자기소개),언어교환 모임에서 현재 거주지를 말할 때,今はどこに住んでいますか。,23.mp3,지금 어디에 살아요.,今はソウルに住んでいます。,33.mp3,지금은 서울에 살아요.,今はソウルから住んでいます。,今はソウルに住みます。,日本語を勉強しています。,거주지는 ‘〜に住んでいます’로 말합니다.,real,1,1,현재 살고 있는 장소는 ‘に + 住んでいます’가 자연스럽습니다.
R014,N4,aisatsu,인사말,first_meeting,첫만남(자기소개),언어교환 모임에서 직업을 말할 때,お仕事は何ですか。,24.mp3,직업이 뭐예요.,会社員です。,34.mp3,회사원이에요.,会社員でした。,会社員がです。,ソウルから来ました。,직업은 ‘명사 + です’로 간단히 말합니다.,real,1,1,직업/신분은 명사 뒤에 ‘です’를 붙이면 됩니다.
R015,N4,aisatsu,인사말,first_meeting,첫만남(자기소개),언어교환 모임에서 일본어 공부 기간을 말할 때,日本語はどのくらい勉強していますか。,25.mp3,일본어는 얼마나 공부했어요.,まだ三か月ぐらいです。,35.mp3,아직 3개월 정도예요.,まだ三か月にです。,まだ三か月でした。,会社員です。,초보 느낌은 ‘まだ + 기간 + ぐらいです’가 자연스럽습니다.,real,1,1,"‘まだ’는 “아직”의 뉘앙스를 주고, ‘ぐらい’는 “정도”를 부드럽게 표현합니다."
R016,N4,aisatsu,인사말,first_meeting,첫만남(자기소개),언어교환 모임에서 일본어를 공부하는 이유를 말할 때,どうして日本語を勉強しているんですか。,26.mp3,왜 일본어를 공부해요.,日本人の友だちを作りたいからです。,36.mp3,일본인 친구를 사귀고 싶어서예요.,日本人の友だちを作りたいですから。,日本人の友だちが作りたいからます。,ソウルに住んでいます。,이유는 ‘〜たい + からです’로 말하면 자연스럽습니다.,real,1,1,"‘〜たい’는 “~하고 싶다”이고, ‘からです’를 붙이면 이유 설명이 됩니다."
R017,N4,aisatsu,인사말,first_meeting,첫만남(자기소개),언어교환 모임에서 취미를 말할 때,趣味は何ですか。,27.mp3,취미가 뭐예요.,映画を見ることが好きです。,37.mp3,영화 보는 걸 좋아해요.,映画を見ることを好きです。,映画を見ることが好きでした。,日本語は三か月です。,동사를 취미로 말할 땐 ‘〜ことが好きです’가 편합니다.,real,1,1,"‘〜こと’로 동작을 명사처럼 만들고, ‘好きです’로 취향을 말합니다."
R018,N4,aisatsu,인사말,first_meeting,첫만남(자기소개),언어교환 모임에서 나이를 말할 때,おいくつですか。,28.mp3,몇 살이에요.,25歳です。,38.mp3,25살이에요.,25歳がです。,25歳でした。,日本語を勉強しています。,나이는 ‘숫자 + 歳 + です’로 말합니다.,real,1,1,나이를 물을 때는 「何歳ですか」보다 「おいくつですか」가 더 자연스럽습니다.
R019,N4,aisatsu,인사말,first_meeting,첫만남(자기소개),언어교환이 처음인지 물어볼 때,言語交換は初めてですか。,29.mp3,언어교환은 처음이에요.,はい、今日が初めてです。,39.mp3,"네, 오늘이 처음이에요.",はい、今日に初めてです。,はい、今日が初めてでした。,ソウルから来ました。,‘今日が初めてです’는 “오늘이 처음이에요”로 자연스럽습니다.,real,1,1,‘〜が初めてです’는 “~가 처음이다”를 말할 때 자주 쓰는 형태입니다.
R020,N4,aisatsu,인사말,first_meeting,첫만남(자기소개),언어교환 모임에서 오늘 느낌을 말할 때,今日のエクスチェンジはどうですか。,30.mp3,오늘 언어교환 어때요.,とても楽しいです。,40.mp3,정말 즐거워요.,とても楽しいですか。,とても楽しみでした。,会社員です。,‘楽しみです’는 “기대돼요/즐거울 것 같아요” 뉘앙스입니다.,real,1,1,"‘楽しいです’는 “지금 즐거워요”, ‘楽しみです’는 “기대돼요”라서 상황에 맞게 고릅니다."
R021,N4,aisatsu,인사말,reason,이유(동기),공부 이유를 물을 때,日本語を勉強しようと思ったきっかけは何ですか。,41.mp3,일본어를 공부하게 된 계기는 무엇인가요,日本のアニメが好きだからです。,51.mp3,일본 애니메이션을 좋아하기 때문입니다,日本のアニメが好きです,日本のアニメを見ます,日本のアニメでした,이유는 ‘〜からです’로 말하면 자연스럽습니다.,real,1,1,〜からです 패턴으로 이유를 말하는 표현입니다
R022,N4,aisatsu,인사말,reason,이유(동기),공부 이유를 물을 때,日本語で何をしたいですか。,42.mp3,일본어로 무엇을 하고 싶나요,日本人と話したいです。,52.mp3,일본인과 이야기하고 싶습니다,日本人と話します,日本人を話したいです,日本人で話したいです,좋아하는 것을 이유로 말하면 편합니다.,real,1,1,〜たいです는 하고 싶은 일을 말할 때 사용합니다
R023,N4,aisatsu,인사말,reason,이유(동기),공부 이유를 물을 때,日本語の勉強は楽しいですか。,43.mp3,일본어 공부는 재미있나요,はい、とても楽しいです。,53.mp3,"네, 매우 재미있습니다",はい、楽しいです,はい、とても楽しいでした,はい、とても楽しいだ,Yes/No 뒤에 이유를 덧붙여 보세요.,real,1,1,楽しいです는 즐겁다라는 의미의 형용사입니다
R024,N4,aisatsu,인사말,reason,이유(동기),공부 이유를 물을 때,日本語は難しいですか。,44.mp3,일본어는 어렵나요,はい、少し難しいです。,54.mp3,"네, 조금 어렵습니다",はい、難しいです,はい、少し難しいでした,はい、難しいだ,‘好きだからです’ 형태로 말해보세요.,real,1,1,少し를 사용하면 조금이라는 의미를 더합니다
R025,N4,aisatsu,인사말,reason,이유(동기),공부 이유를 물을 때,日本語を勉強してよかったことはありますか。,45.mp3,일본어 공부해서 좋았던 점이 있나요,日本の文化がもっと分かるようになりました。,55.mp3,일본 문화를 더 이해하게 되었습니다,日本の文化が分かりません,日本の文化が分かりました,日本の文化が分かるです,일본에 대한 관심을 이유로 말해보세요.,real,1,1,〜ようになりました는 변화된 상태를 말할 때 사용합니다
R026,N4,aisatsu,인사말,reason,이유(동기),공부 이유를 물을 때,日本のどんなところが好きですか。,46.mp3,일본의 어떤 점이 좋나요,日本の食べ物が好きです。,56.mp3,일본 음식이 좋습니다,日本の食べ物が好きでした,日本の食べ物が好きだ,日本の食べ物を好きです,하고 싶은 일을 이유로 말해도 자연스럽습니다.,real,1,1,好きです는 좋아하는 것을 말할 때 사용합니다
R027,N4,aisatsu,인사말,reason,이유(동기),공부 이유를 물을 때,日本に行ったことがありますか。,47.mp3,일본에 가본 적이 있나요,いいえ、まだありません。,57.mp3,"아니요, 아직 없습니다",いいえ、ありますか,いいえ、まだあります,いいえ、まだありませんでした,‘まだ + ありません’으로 경험이 없다고 말할 수 있습니다.,real,1,1,まだありません은 아직 경험이 없다는 의미입니다
R028,N4,aisatsu,인사말,reason,이유(동기),공부 이유를 물을 때,日本に行ったら何をしたいですか。,48.mp3,일본에 가면 무엇을 하고 싶나요,京都へ行ってみたいです。,58.mp3,교토에 가보고 싶습니다,京都へ行きたいですか,京都は行きたくないです,京都で行きたいです,가보고 싶은 곳은 ‘〜へ行ってみたいです’로 말해보세요.,real,1,1,〜てみたい는 한번 해보고 싶다는 의미입니다
R029,N4,aisatsu,인사말,reason,이유(동기),공부 이유를 물을 때,日本の映画やドラマを見ますか。,49.mp3,일본 영화나 드라마를 보나요,はい、よく見ます。,59.mp3,"네, 자주 봅니다",はい、見ません,いいえ、見ます,はい、よく見るです,‘よく’ 같은 부사를 넣으면 더 자연스럽습니다.,real,1,1,よく는 자주라는 의미의 부사입니다
R030,N4,aisatsu,인사말,reason,이유(동기),공부 이유를 물을 때,これからも日本語を勉強したいですか。,50.mp3,앞으로도 일본어 공부를 하고 싶나요,はい、もっと勉強したいです。,60.mp3,"네, 더 공부하고 싶습니다",はい、勉強しますか,はい、もっと勉強しません,はい、もっと勉強でした,앞으로 하고 싶은 일은 ‘もっと + 〜たいです’로 말하면 좋습니다.,real,1,1,もっと는 더라는 의미의 부사입니다
R031,N4,aisatsu,인사말,hobby,취미(관심사),취미를 말할 때(영화),趣味は何ですか。,61.mp3,취미가 뭐예요?,映画を見るのが好きです。,71.mp3,영화 보는 걸 좋아해요.,映画を見るが好きです。,映画を見たいです。,音楽を食べるのが好きです。,취미는 ‘〜のが好きです’로 말하면 자연스럽습니다.,real,1,1,趣味を聞かれたら「〜のが好きです」で 답하면 가장 자연스럽습니다.
R032,N4,aisatsu,인사말,hobby,취미(관심사),취미를 말할 때(휴일),休みの日は何をしますか。,62.mp3,쉬는 날은 뭐 해요?,休みの日は家で映画を見たり、友だちと遊んだりします。,72.mp3,쉬는 날엔 집에서 영화를 보거나 친구랑 놀아요.,休みの日は、映画を見ました。,休みの日はありますか。,休みの日は家で映画を見たり、友だちと遊んだりです。,‘〜たり、〜たりします’로 예를 들어 말하면 자연스럽습니다.,real,1,1,「AたりBたりします」は ‘A도 하고 B도 한다’처럼 예시를 나열할 때 쓰는 표현입니다.
R033,N4,aisatsu,인사말,hobby,취미(관심사),취미를 말할 때(음악),音楽はよく聞きますか。,63.mp3,음악 자주 들어요?,もちろん、聞きますよ。,73.mp3,"그럼요, 들어요.",いいえ、よく聞いてくださいよ。,もちろん、見ますよ。,はい、たまに見ます。,강하게 긍정할 때는 ‘もちろん’이 자연스럽습니다.,real,1,1,「もちろん」は ‘당연하죠/그럼요’ 뉘앙스로 강한 긍정을 표현합니다.
R034,N4,aisatsu,인사말,hobby,취미(관심사),취미를 말할 때(음악 취향),どんな音楽が好きですか。,64.mp3,어떤 음악 좋아해요?,だいたい何でも好きですが、特にバラードが好きです。,74.mp3,대부분 다 좋아하지만 특히 발라드가 좋아요.,だいたい何でも嫌いです。,バラードがすきですか。,だいたい何でも好きだからです。,‘だいたい’로 완곡하게 말하고 ‘特に’로 강조해보세요.,real,1,1,「だいたい何でも〜ですが、特に〜」는 취향을 부드럽게 말하는 매우 자연스러운 회화 패턴입니다.
R035,N4,aisatsu,인사말,hobby,취미(관심사),취미를 말할 때(운동),スポーツはしますか。,65.mp3,운동해요?,いいえ、スポーツはあまりしません。,75.mp3,"아니요, 운동은 별로 안 해요.",はい、料理は大好きです。,いいえ、毎日します。,いいえ、スポーツはあまりします。,부정은 ‘あまり〜ません’으로 부드럽게 말해보세요.,real,1,1,"「あまり〜ません」은 ‘별로 ~하지 않아요’로, 회화에서 가장 많이 쓰는 부정 완화 표현입니다."
R036,N4,aisatsu,인사말,hobby,취미(관심사),취미를 말할 때(좋아하는 스포츠),好きなスポーツはありますか。,66.mp3,좋아하는 스포츠 있어요?,見るだけなら、サッカーが好きです。,76.mp3,보기만 한다면 축구가 좋아요.,サッカーは嫌いです。,見るだけなら、サッカーをします。,テニスは好きではありません。,‘〜だけなら’로 범위를 좁혀 말하면 자연스럽습니다.,real,1,1,「〜だけなら」は ‘~만이라면’으로 조건을 붙여 말할 때 자주 씁니다.
R037,N4,aisatsu,인사말,hobby,취미(관심사),취미를 말할 때(독서),本は読みますか。,67.mp3,책 읽어요?,マンガが好きなので、時々読みます。,77.mp3,만화를 좋아해서 가끔 읽어요.,いいえ、あまり聞きません。,マンガが好きから、時々読みます。,マンガが好きので、時々読みます。,이유를 붙일 땐 ‘〜ので’로 부드럽게 말해보세요.,real,1,1,「〜ので」는 이유를 부드럽게 설명할 때 자주 쓰며 ‘だから’보다 공손한 느낌입니다.
R038,N4,aisatsu,인사말,hobby,취미(관심사),취미를 말할 때(요리),料理はしますか。,68.mp3,요리해요?,はい、毎日します。,78.mp3,"네, 매일 해요.",あまり食べたくないです。,はい、毎日食べます。,あなたもですか。,빈도는 ‘毎日/時々/たまに’로 짧게 말해보세요.,real,1,1,「毎日します」처럼 빈도 부사를 넣으면 답이 더 자연스럽고 구체적입니다.
R039,N4,aisatsu,인사말,hobby,취미(관심사),취미를 말할 때(단것),甘いものは好きですか。,69.mp3,단 거 좋아해요?,甘いものなら、何でも好きです。,79.mp3,단 거라면 뭐든 좋아요.,いいえ、辛いものは苦手です。,甘いものは高いです。,甘いものは食べたくないですか。,‘〜なら、何でも〜’로 범위를 넓게 말해보세요.,real,1,1,「〜なら、何でも〜」는 ‘~라면 뭐든’이라는 자연스러운 회화 표현입니다.
R040,N4,aisatsu,인사말,hobby,취미(관심사),취미를 말할 때(요즘 빠진 것),最近、何にハマっていますか。,70.mp3,요즘 뭐에 빠져 있어요?,最近はアニメにハマっています。,80.mp3,요즘은 애니메이션에 빠져 있어요.,昨日は家で休みました。,最近は何もしたくないです。,最近はアニメがハマっています。,‘ハマっています’로 ‘요즘 빠져 있다’를 말해보세요.,real,1,1,「ハマっています」는 ‘요즘 푹 빠져 있어요’라는 뜻으로 캐주얼하지만 매우 자주 쓰입니다.
R041,N4,aisatsu,인사말,reaction,리액션(반응),리액션을 말할 때(첫인사),はじめまして。,81.mp3,처음 뵙겠습니다.,はじめまして。よろしくお願いします。,91.mp3,처음 뵙겠습니다. 잘 부탁드립니다.,はじめまして。よろしくします。,こんばんは。,はじめまして。ありがとうございました。,처음 인사 뒤에는 ‘よろしくお願いします’로 자연스럽게 이어가세요.,real,1,1,"‘はじめまして’는 첫 만남 인사이며, 뒤에 ‘よろしくお願いします’를 붙여 관계를 시작하는 것이 자연스럽습니다."
R042,N4,aisatsu,인사말,reaction,리액션(반응),리액션을 말할 때(칭찬),日本語、上手ですね。,82.mp3,일본어 잘하시네요!,いえいえ、まだまだです。,92.mp3,"아니에요, 아직 멀었어요.",いえいえ、まだまだます。,はい、そうです。,すみません、わかりません。,칭찬을 받으면 ‘いえいえ、まだまだです’로 겸손하게 받아보세요.,real,1,1,칭찬을 받을 때 ‘いえいえ’로 부정하고 ‘まだまだです’로 겸손하게 마무리하면 매우 자연스럽습니다.
R043,N4,aisatsu,인사말,reaction,리액션(반응),리액션을 말할 때(거주지 확인),ソウルに住んでいるんですね。,83.mp3,서울에 사는군요.,はい、ソウルに住んでいます。,93.mp3,"네, 서울에 살고 있어요.",はい、ソウルを住んでいます。,いいえ、日本に住んでいます。,はい、ソウルに住んでいました。,거주지는 ‘〜に住んでいます’로 현재형으로 답해보세요.,real,1,1,"거주지 표현은 ‘〜に住んでいます’가 기본이며, 장소에는 조사 ‘に’를 사용합니다."
R044,N4,aisatsu,인사말,reaction,리액션(반응),리액션을 말할 때(공감),それは大変ですね。,84.mp3,힘들겠네요.,そうなんです。ちょっと大変です。,94.mp3,그러게요. 좀 힘들어요.,そうなんです。ちょっと大変ました。,いいえ、全然大変です。,そうなんです。ちょっと大変にです。,공감받았을 때는 ‘そうなんです’로 받아주고 한마디 덧붙여 보세요.,real,1,1,"‘そうなんです’는 상대 공감에 ‘맞아요’로 받는 표현이고, ‘ちょっと’로 강도를 완화하면 자연스럽습니다."
R045,N4,aisatsu,인사말,reaction,리액션(반응),리액션을 말할 때(축하),それはよかったですね。,85.mp3,그거 다행이네요.,ありがとうございます。よかったです。,95.mp3,감사합니다. 다행이에요.,ありがとうございます。よかったでした。,すみません。,ありがとうございます。大変です。,축하/다행 표현에는 ‘ありがとうございます。よかったです’로 짧게 받아보세요.,real,1,1,"‘よかったです’는 ‘다행이에요’ 뉘앙스이며, ‘ありがとうございます’와 같이 쓰면 더 자연스럽습니다."
R046,N4,aisatsu,인사말,reaction,리액션(반응),리액션을 말할 때(공통점),私もそうです。,86.mp3,저도 그래요.,本当ですか。一緒ですね。,96.mp3,정말요? 똑같네요.,本当ですか。いっしょにですか。,そうですか。違いますね。,本当ですか。一緒はです。,공통점이 나오면 ‘一緒ですね’로 바로 연결해보세요.,real,1,1,"‘一緒ですね’는 ‘같네요’라는 뜻으로, 공통점을 발견했을 때 매우 자연스럽게 대화를 이어줍니다."
R047,N4,aisatsu,인사말,reaction,리액션(반응),리액션을 말할 때(감탄),すごいですね！,87.mp3,대단하네요!,いえいえ、そんなことないですよ。,97.mp3,"아니에요, 그런 거 아니에요.",いえいえ、そんなことありますよ。,いえいえ、そんなことないですか。,ありがとうございます。すごいです。,감탄을 들으면 ‘そんなことないですよ’로 겸손하게 받아보세요.,real,1,1,"‘そんなことないですよ’는 ‘그런 거 아니에요’로, 칭찬/감탄을 부드럽게 부정하는 대표 표현입니다."
R048,N4,aisatsu,인사말,reaction,리액션(반응),리액션을 말할 때(관심),それ、面白そうですね。,88.mp3,그거 재밌어 보이네요.,ですよね。私もそう思います。,98.mp3,그렇죠. 저도 그렇게 생각해요.,ですよね。私もそう思うです。,はい、もっと勉強しません,すみません、スポーツが好きです。,상대 말에 동의할 때는 ‘ですよね。私もそう思います’가 자연스럽습니다.,real,1,1,‘ですよね’로 공감하고 ‘私もそう思います’로 의견을 겹치면 대화가 매끄럽게 이어집니다.
R049,N4,aisatsu,인사말,reaction,리액션(반응),리액션을 말할 때(초대),今度いっしょに行きませんか。,89.mp3,다음에 같이 가지 않을래요?,いいですね。行きましょう。,99.mp3,좋네요. 같이 가요.,いいですね。行きません。,いいですね。行くます。,すみません。行けませんでした。,초대에는 ‘行きましょう’로 긍정 답을 짧게 확정해보세요.,real,1,1,‘行きませんか’ 제안에는 ‘いいですね。行きましょう’처럼 바로 동의하면 자연스럽습니다.
R050,N4,aisatsu,인사말,reaction,리액션(반응),리액션을 말할 때(마무리),今日はありがとうございました。,90.mp3,오늘 감사했습니다.,こちらこそ、ありがとうございました。,100.mp3,저야말로 감사합니다.,こちらこそ、ありがとうございません。,はじめまして。,こちらこそ、ありがとうございましたでした。,마무리 감사에는 ‘こちらこそ’로 ‘저야말로’를 붙여보세요.,real,1,1,"‘こちらこそ’는 ‘저야말로’로, 감사/인사에 대해 예의 있게 되돌려주는 표현입니다."
R051,N4,daily,일상,korea_talk,한국 이야기,한국을 소개할 때(살기 좋은 점),韓国って、どんなところが住みやすいですか。,101.mp3,한국은 어떤 점이 살기 좋아요?,交通が便利で、生活しやすいと思います。,111.mp3,교통이 편리해서 살기 좋다고 생각해요.,交通が便利で、生活しやすくです。,交通が便利から、生活しやすいと思います。,交通に便利で、生活しやすいと思います。,살기 좋은 점은 ‘便利/生活しやすい’처럼 말해보세요.,real,2,1,‘住みやすい’는 ‘살기 좋다’라는 뜻입니다. ‘交通が便利で’처럼 이유를 붙이면 자연스럽습니다.
R052,N4,daily,일상,korea_talk,한국 이야기,한국을 소개할 때(추천 지역),ソウルでおすすめの場所ってありますか。,102.mp3,서울에서 추천하는 지역이 있어요?,弘大（ホンデ）はにぎやかで楽しいですよ。,112.mp3,홍대는 활기차고 재미있어요.,にぎやかで楽しいところが多います。,にぎやかで楽しかったと思います。,ホンデはにぎやかで楽しいでした。,추천할 때는 ‘〜は〜ですよ’로 소개하면 자연스럽습니다.,real,2,1,추천할 때는 ‘〜は…ですよ’로 말하면 부드럽게 들립니다. ‘にぎやか/楽しい’는 자주 쓰는 표현입니다.
R053,N4,daily,일상,korea_talk,한국 이야기,한국을 소개할 때(음식(매운맛)),韓国の食事って、辛いものが多いですよね。,103.mp3,한국 음식은 매운 게 많죠?,そうですね。でも辛くない食べ物もたくさんあります。,113.mp3,그렇죠. 하지만 안 매운 음식도 많아요.,そうですね。辛いものが多いです。,そうですね。でも辛くないもたくさんです。,そうですね。でも辛くない食べ物も多いからです。,"공감은 ‘そうですね’, 덧붙임은 ‘でも’로 연결해보세요.",real,2,1,‘そうですね’로 공감한 뒤 ‘でも’로 반대 정보를 덧붙이면 대화가 자연스럽게 이어집니다.
R054,N4,daily,일상,korea_talk,한국 이야기,한국을 소개할 때(사람 성격),韓国の人は、どんな性格だと思いますか。,104.mp3,한국 사람은 어떤 성격이라고 생각해요?,せっかちですが、優しい人が多いと思います。,114.mp3,성격이 급한 편이지만 친절한 사람이 많다고 생각해요.,せっかちですが、優しく人が多いです。,せっかちので、優しい人が多いと思います。,せっかちですが、優しい人が多いと思うです。,성격은 ‘〜ですが、〜人が多い’ 패턴이 편합니다.,real,2,1,‘〜ですが’로 대비를 만들면 표현이 자연스럽습니다. ‘人が多い’로 일반적인 경향을 말할 수 있습니다.
R055,N4,daily,일상,korea_talk,한국 이야기,한국을 소개할 때(카페 문화),韓国で人気のカフェって、どんな感じですか。,105.mp3,한국에서 인기 있는 카페는 어떤 느낌이에요?,きれいで、長くいられるお店が多いです。,115.mp3,깨끗하고 오래 있을 수 있는 곳이 많아요.,きれいで、ゆっくりするお店が少ないです。,きれいで、長くいられる店が多かったです。,きれいで、長くいるれるお店が多いですか。,카페는 형용사 2개로 ‘きれいで、〜です’처럼 말해보세요.,real,2,1,‘長くいられる’는 ‘오래 있을 수 있다’는 뜻입니다. 카페 설명에 자주 쓰입니다.
R056,N4,daily,일상,korea_talk,한국 이야기,한국을 소개할 때(편의점),韓国のコンビニって、日本と違いますか。,106.mp3,한국 편의점은 일본과 달라요?,似ていますが、店内で食べられるのが便利です。,116.mp3,비슷하지만 매장 안에서 먹을 수 있는 게 편해요.,似ていますが、お店の外で食べられるのが便利です。,似ていますが、店内でも食べたいです。,似ていますが、店内で食べないのが便利です。,‘似ていますが’로 비교하고 특징 1개를 덧붙여 보세요.,real,2,1,‘似ていますが’는 ‘비슷하지만’입니다. ‘店内で食べられる’로 한국 편의점 특징을 말합니다.
R057,N4,daily,일상,korea_talk,한국 이야기,한국을 소개할 때(주말),韓国の人って週末は何することが多いですか。,107.mp3,한국 사람들은 주말에 주로 뭘 해요?,カフェに行ったり、買い物したりする人が多いです。,117.mp3,카페에 가거나 쇼핑하는 사람이 많아요.,買い物したり、散歩したいする人が多いです。,カフェに行ったり、買い物したり人が多いです。,カフェに行ったり、買い物したりする人が多いでした。,주말 활동은 ‘〜たり、〜たりする人が多いです’로 말해보세요.,real,2,1,‘〜たり〜たり’는 예시를 나열할 때 쓰는 문형입니다.
R058,N4,daily,일상,korea_talk,한국 이야기,한국을 소개할 때(추천 음식),おすすめの韓国料理は何ですか。,108.mp3,추천하는 한국음식은 뭐예요?,サムギョプサルとトッポッキはぜひ食べてみてください。,118.mp3,삼겹살이랑 떡볶이는 꼭 먹어보세요.,サムギョプサルはぜひ食べください。,サムギョプサルとトッポッキを食べたいですか。,サムギョプサルとトッポッキは食べませんか。,추천은 ‘ぜひ〜てみてください’로 권하면 좋습니다.,real,2,1,‘ぜひ’는 ‘꼭/부디’ 뉘앙스입니다. ‘〜てみてください’로 ‘한번 해보세요’ 권유가 됩니다.
R059,N4,daily,일상,korea_talk,한국 이야기,한국을 소개할 때(주의할 점),韓国で気をつけたほうがいいことはありますか。,109.mp3,한국에서 조심할 건 있어요?,人が多いところでは、荷物に気をつけてください。,119.mp3,사람 많은 곳에서는 소지품 조심하세요.,人が多いところでは、気をつけてください。,人が多いところでは、荷物を持っていてください。,人が多いところは行きたくないです。,주의는 ‘〜では、〜に気をつけてください’로 말해보세요.,real,2,1,‘気をつけてください’는 ‘조심하세요’입니다. ‘〜では’(~에서는)와 같이 쓰면 자연스럽습니다.
R060,N4,daily,일상,korea_talk,한국 이야기,한국을 소개할 때(좋아하는 곳),韓国で一番好きなところはどこですか。,110.mp3,한국에서 제일 좋아하는 곳은 어디예요?,漢江（ハンガン）で散歩するのが好きです。,120.mp3,한강에서 산책하는 걸 좋아해요.,漢江に行ってみましょう。,漢江で散歩したくないですか。,漢江で会いましょう。,좋아하는 곳은 ‘〜で〜するのが好きです’로 말해보세요.,real,2,1,장소 + 행동을 붙이면 자연스럽습니다. ‘散歩するのが好きです’처럼 말해보세요.
R061,N4,daily,일상,japan_talk,일본 이야기,일본에 가본 적이 있는지 물었을 때,日本に行ったことはありますか。,121.mp3,일본에 가본 적이 있나요?,いいえ、まだないです。,131.mp3,"아니요, 아직 없어요.",日本に興味があります。,いつか行ってみたいです。,東京に行ってみたいです。,아직 가본 적이 없으면 ‘いいえ、まだないです’처럼 짧게 답하면 자연스럽습니다.,real,2,1,‘行ったことがありますか’는 경험을 묻는 기본 표현입니다. 아직 없을 때는 ‘まだないです’로 간단히 답할 수 있습니다.
R062,N4,daily,일상,japan_talk,일본 이야기,일본의 어떤 점이 좋은지 말할 때,日本のどんなところが好きですか。,122.mp3,일본의 어떤 점이 좋아요?,食べ物や町の雰囲気が好きです。,132.mp3,음식이나 거리 분위기가 좋아요.,日本語をもっと勉強したいです。,東京に行ったら町を歩きたいです。,日本で買い物をしてみたいです。,좋아하는 점은 ‘〜や〜が好きです’처럼 두 가지를 자연스럽게 이어 보세요.,real,2,1,‘〜や〜’는 여러 예를 가볍게 나열할 때 자주 씁니다. ‘町の雰囲気’는 도시나 거리의 분위기를 말할 때 자연스럽습니다.
R063,N4,daily,일상,japan_talk,일본 이야기,가보고 싶은 장소를 말할 때,行ってみたい場所はありますか。,123.mp3,가 보고 싶은 곳이 있나요?,はい、東京に行ってみたいです。,133.mp3,"네, 도쿄에 가 보고 싶어요.",日本はおもしろそうです。,食べ物が好きです。,まだ行ったことはないです。,가고 싶은 장소는 ‘〜に行ってみたいです’ 패턴으로 말하면 안정적입니다.,real,2,1,‘行ってみたい’는 ‘가 보고 싶다’라는 뜻입니다. 장소 앞에는 보통 조사 ‘に’를 씁니다.
R064,N4,daily,일상,japan_talk,일본 이야기,왜 도쿄에 가고 싶은지 이유를 말할 때,どうして東京なんですか。,124.mp3,왜 도쿄인가요?,にぎやかな町が好きだからです。,134.mp3,활기찬 도시를 좋아해서요.,東京に行ってみたいです。,すしやラーメンが好きです。,大阪にも行ってみたいです。,이유는 ‘〜が好きだからです’처럼 짧고 분명하게 말해보세요.,real,2,1,‘どうして〜なんですか’는 이유를 부드럽게 묻는 표현입니다. 대답은 ‘〜だからです’로 마무리하면 자연스럽습니다.
R065,N4,daily,일상,japan_talk,일본 이야기,일본 음식이 좋은지 물었을 때,日本の食べ物は好きですか。,125.mp3,일본 음식은 좋아하나요?,はい、すしが好きです。,135.mp3,"네, 초밥을 좋아해요.",日本の食べ物は人気です。,ラーメンも気になります。,日本で食べてみたいです。,좋아하는 음식은 ‘〜が好きです’로 간단하게 말하면 됩니다.,real,2,1,‘好き’는 형용동사처럼 쓰여 ‘〜が好きです’ 형태가 자연스럽습니다. 음식 이름 하나를 바로 말하면 회화가 간단해집니다.
R066,N4,daily,일상,japan_talk,일본 이야기,다른 음식에도 관심이 있는지 말할 때,ほかに気になる食べ物はありますか。,126.mp3,그 밖에 궁금한 음식이 있나요?,ラーメンも気になります。,136.mp3,라멘도 궁금해요.,東京に行ったら写真を撮りたいです。,日本の食べ物はおいしそうです。,東京で食べたいです。,추가로 관심 있는 것은 ‘〜も気になります’로 말하면 부드럽습니다.,real,2,1,"‘気になる’는 ‘신경 쓰이다, 궁금하다’라는 뜻으로 음식이나 장소에 관심을 보일 때 자주 씁니다."
R067,N4,daily,일상,japan_talk,일본 이야기,일본에서 사고 싶은 것을 말할 때,日本で買いたいものはありますか。,127.mp3,일본에서 사고 싶은 것이 있나요?,はい、日本でしか買えないものを買いたいです。,137.mp3,"네, 일본에서만 살 수 있는 것을 사고 싶어요.",日本の町を歩いてみたいです。,日本の生活が気になります。,日本語をもっと勉強したいです。,특별한 물건을 말할 때는 ‘〜でしか買えないもの’ 표현이 좋습니다.,real,2,1,‘〜でしか買えない’는 ‘〜에서만 살 수 있다’는 뜻입니다. 여행이나 쇼핑 대화에서 매우 유용한 표현입니다.
R068,N4,daily,일상,japan_talk,일본 이야기,일본에 가면 가장 먼저 하고 싶은 일을 말할 때,日本に行ったら、まず何がしたいですか。,128.mp3,일본에 가면 먼저 무엇을 하고 싶나요?,まず町を歩いてみたいです。,138.mp3,우선 거리를 걸어 보고 싶어요.,日本の文化に興味があります。,日本の食べ物が好きです。,すしがいちばん有名だと思います。,처음 하고 싶은 행동은 ‘まず〜してみたいです’로 말해보세요.,real,2,1,"‘まず’는 ‘우선, 먼저’라는 뜻입니다. ‘歩いてみたい’는 실제로 해보고 싶은 마음을 자연스럽게 보여 줍니다."
R069,N4,daily,일상,japan_talk,일본 이야기,일본 생활이 궁금한지 말할 때,日本の生活って気になりますか。,129.mp3,일본 생활이 궁금하나요?,はい、とても気になります。,139.mp3,"네, 매우 궁금해요.",まだ行く予定はないです。,町の雰囲気が好きです。,東京はにぎやかな町ですね。,생활이나 문화에 대한 관심은 ‘とても気になります’로 자연스럽게 표현할 수 있습니다.,real,2,1,‘〜って’는 회화에서 가볍게 화제를 꺼낼 때 자주 쓰는 표현입니다. ‘気になります’는 관심과 호기심을 부드럽게 보여 줍니다.
R070,N4,daily,일상,japan_talk,일본 이야기,언젠가 일본에 가고 싶다는 대화를 마무리할 때,いつか日本に行けたらいいですね。,130.mp3,언젠가 일본에 갈 수 있으면 좋겠네요.,はい、いろんな場所に行ってみたいです。,140.mp3,"네, 여러 곳에 가 보고 싶어요.",日本の生活が気になります。,東京はにぎやかですね。,日本でしか買えないものを買いたいです。,마무리는 ‘〜に行ってみたいです’처럼 부드럽게 이어 주면 좋습니다.,real,2,1,‘〜たらいいですね’는 바람이나 희망을 함께 나눌 때 쓰는 표현입니다. 마지막에 ‘いろんな場所に行ってみたいです’로 연결하면 대화가 자연스럽게 끝납니다.
R071,N4,daily,일상,food_chat,음식 이야기,음식 이야기할 때(최애 한국요리),韓国料理で何が一番好きですか。,141.mp3,한국 음식 중 무엇을 제일 좋아해요?,サムギョプサルが一番好きです。,151.mp3,삼겹살을 제일 좋아해요.,韓国料理は全部好きですか。,サムギョプサルが食べたいです。,コーヒーを飲みましょう。,‘一番好き’로 최애를 간단히 말해보세요.,real,2,1,‘一番’은 ‘가장’이라는 뜻입니다. ‘〜が一番好きです’로 최애를 말할 수 있습니다.
R072,N4,daily,일상,food_chat,음식 이야기,음식 이야기할 때(좋아하는 이유),どうしてサムギョプサルが好きなんですか。,142.mp3,왜 삼겹살을 좋아해요?,おいしいし、みんなで食べられるからです。,152.mp3,맛있고 다 같이 먹을 수 있어서요.,食べたことありますか？,苦いからです。,みんなで食べましょう。,이유는 ‘〜し、〜からです’로 자연스럽게 말해보세요.,real,2,1,‘〜し、〜からです’는 이유를 두 가지 이상 자연스럽게 이어주는 표현입니다.
R073,N4,daily,일상,food_chat,음식 이야기,음식 이야기할 때(매운맛),辛いものは大丈夫ですか。,143.mp3,매운 건 괜찮아요?,はい、大丈夫です。むしろ好きです。,153.mp3,네 괜찮아요. 오히려 좋아해요.,今日は天気がいいですね。,全然辛くありません。,はい、辛いです。,가능 여부는 ‘大丈夫です’로 답하고 ‘むしろ’로 덧붙여 보세요.,real,2,1,"‘大丈夫です’는 ‘괜찮아요’이고, ‘むしろ’는 ‘오히려’라는 뜻입니다."
R074,N4,daily,일상,food_chat,음식 이야기,음식 이야기할 때(외식 빈도),外食はどのくらいしますか。,144.mp3,외식은 어느 정도 해요?,週に2〜3回ぐらいします。,154.mp3,일주일에 2~3번 정도 해요.,週に1回はダメですか。,月に3回ぐらいがいいです。,そろそろ帰りましょう。,빈도는 ‘週に〜回ぐらいします’로 말해보세요.,real,2,1,‘週に’는 ‘일주일에’라는 뜻입니다. ‘〜回ぐらいします’로 빈도를 말합니다.
R075,N4,daily,일상,food_chat,음식 이야기,음식 이야기할 때(편의점 구매),コンビニでよく買うものは何ですか。,145.mp3,편의점에서 자주 사는 건 뭐예요?,飲み物とおにぎりをよく買います。,155.mp3,음료랑 주먹밥을 자주 사요.,お腹すきました。,飲み物とアイスはどうですか。,野菜はどちらですか。,"‘よく’로 자주를 말하고, 목적어는 ‘を’로 연결해보세요.",real,2,1,"‘よく’는 ‘자주’이고, ‘〜を買います’처럼 목적어에는 ‘を’를 씁니다."
R076,N4,daily,일상,food_chat,음식 이야기,음식 이야기할 때(디저트),甘いものは好きですか。,146.mp3,단 건 좋아해요?,はい、大好きです。ケーキが好きです。,156.mp3,"네, 정말 좋아해요. 케이크를 좋아해요.",いいえ、お腹いっぱいです。,はい、一緒に飲みませんか。,はい、野菜が好きです。,"좋아함은 ‘大好きです’로 강조하고, 구체 예를 하나 붙여보세요.",real,2,1,‘大好きです’로 강하게 좋아함을 표현할 수 있습니다. ‘〜が好きです’로 구체적으로 말하면 더 자연스럽습니다.
R077,N4,daily,일상,food_chat,음식 이야기,음식 이야기할 때(호불호),苦手な食べ物はありますか。,147.mp3,못 먹는 음식 있어요?,はい、パクチーはちょっと苦手です。,157.mp3,"네, 고수는 좀 못 먹어요.",日本料理はあまり食べません。,東京はにぎやかですね。,はい、チキンが好きです。,‘ちょっと苦手です’로 부담 없이 말해보세요.,real,2,1,‘苦手’는 ‘잘 못하는/싫어하는(서툰)’ 뉘앙스입니다. ‘ちょっと’를 붙이면 완화됩니다.
R078,N4,daily,일상,food_chat,음식 이야기,음식 이야기할 때(최애 일본요리),日本料理で何が一番好きですか。,148.mp3,일본 음식 중 뭐가 제일 좋아요?,お寿司が一番好きです。,158.mp3,초밥이 제일 좋아요.,うーん、わかりません。,まだ行ったことはないです。,日本の文化に興味があります。,일본요리도 ‘一番好き’로 같은 패턴을 써보세요.,real,2,1,‘日本料理で’로 범위를 정하고 ‘何が一番好きですか’로 최애를 묻는 질문입니다.
R079,N4,daily,일상,food_chat,음식 이야기,음식 이야기할 때(추천/약속),おすすめの店ってありますか。,149.mp3,추천하는 가게(맛집) 있어요?,よく行く店があります。よかったら、今度一緒に行きましょう。,159.mp3,자주 가는 곳이 있어요. 괜찮다면 다음에 같이 가요.,日本はおもしろそうです。,よく行く店がいます。,サムギョプサルはぜひ食べてください。,‘よかったら’로 부드럽게 제안하고 ‘今度’로 약속을 연결해보세요.,real,2,1,‘よかったら’는 ‘괜찮다면’입니다. ‘今度一緒に行きましょう’로 자연스럽게 약속을 제안합니다.
R080,N4,daily,일상,food_chat,음식 이야기,음식 이야기할 때(저녁 제안),夕飯は何が食べたいですか。,150.mp3,저녁은 뭐가 먹고 싶어요?,今日は軽く食べたいです。ラーメンにしませんか。,160.mp3,오늘은 가볍게 먹고 싶어요. 라면으로 할까요?,今日は帰りましょう。,今日は軽く食べたいです。サムギョプサルがいいです。,週に2〜3回ぐらいします。,저녁 제안은 ‘〜にしませんか’로 자연스럽게 말해보세요.,real,2,1,‘〜にしませんか’는 ‘~로 할까요?’ 제안 표현입니다. ‘軽く食べたい’는 ‘가볍게 먹고 싶다’입니다.
R081,N4,daily,일상,drama_music,드라마/음악,드라마/음악 이야기할 때(드라마(시청)),最近何かドラマ見てますか。,161.mp3,요즘 드라마 뭐 보고 있어요?,はい、「ほにゃらら」を見てます。,171.mp3,"네, ‘호냐라라’를 보고 있어요.",外で見ることが多いです。,日本の文化に興味があります。,はい、通勤中をよく聞きます。,제목을 모르면 ‘ほにゃらら’로 말하고 대화를 이어가세요.,real,2,1,‘見てます’는 ‘見ています’의 구어체입니다. 제목을 모를 땐 우리말의 ~열할을 하는 ‘ほにゃらら’를 넣어도 자연스럽습니다.
R082,N4,daily,일상,drama_music,드라마/음악,드라마/음악 이야기할 때(드라마(장르)),それってどんなドラマですか。,162.mp3,그건 어떤 드라마예요?,恋愛ドラマです。面白いです。,172.mp3,연애드라마예요. 재밌어요.,最近は「ほにゃらら」をよく見てます。,恋愛ドラマです。面白いでした。,アクションドラマです。つまらないです。,장르는 ‘恋愛/アクション’처럼 한 단어로 말해도 충분합니다.,real,2,1,‘どんなドラマ’는 장르/분위기를 묻는 질문입니다. ‘恋愛ドラマです’처럼 간단히 답하면 됩니다.
R083,N4,daily,일상,drama_music,드라마/음악,드라마/음악 이야기할 때(드라마(장소)),どこでドラマを見ることが多いですか。,163.mp3,드라마는 주로 어디서 봐요?,家で見ることが多いです。,173.mp3,집에서 보는 경우가 많아요.,外で見ましょう。,家に見ることが多いです。,家で見ますか。,‘〜を見ることが多い’로 ‘주로 ~해요’를 말해보세요.,real,2,1,‘〜を見ることが多い’는 ‘~하는 경우가 많다’라는 뜻입니다.
R084,N4,daily,일상,drama_music,드라마/음악,드라마/음악 이야기할 때(배우(취향)),好きな俳優とかいますか。,164.mp3,좋아하는 배우 같은 거 있어요?,はい、「ほにゃらら」が好きです。,174.mp3,"네, ‘호냐라라’를 좋아해요.",いいえ、ありません。,あなたもですか。,はい、ドラマが好きです。,좋아하는 배우/이름은 ‘ほにゃらら’로 대신 말해도 됩니다.,real,2,1,‘〜とか’는 ‘~같은 거’라는 구어체 표현입니다. 이름 자리는 ‘ほにゃらら’로 대체 가능합니다.
R085,N4,daily,일상,drama_music,드라마/음악,드라마/음악 이야기할 때(드라마(몰입)),そのドラマ、続きが気になりますか。,165.mp3,"그 드라마, 다음 내용이 궁금해요?",はい、めっちゃ気になります。,175.mp3,"네, 엄청 궁금해요.",いいえ、明日は休むつもりです。,はい、めっちゃ気になりますでした。,はい、気になりますか。,‘続きが気になります’로 ‘다음 내용이 궁금하다’를 말해보세요.,real,2,1,‘続きが気になります’는 ‘다음 내용이 궁금하다’입니다. ‘めっちゃ’는 강한 강조(캐주얼)입니다.
R086,N4,daily,일상,drama_music,드라마/음악,드라마/음악 이야기할 때(음악(요즘)),最近、何をよく聞いてますか。,166.mp3,요즘 뭐 자주 들어요?,最近は「ほにゃらら」をよく聞いてます。,176.mp3,요즘은 ‘호냐라라’를 자주 들어요.,昨日は家で寝ました。,最近は「ほにゃらら」をよく見てます。,あなたは何が好きですか。,요즘 듣는 건 ‘最近は〜をよく聞いてます’로 말해보세요.,real,2,1,‘何をよく聞いてますか’는 최근에 자주 듣는 음악/곡을 묻는 자연스러운 질문입니다.
R087,N4,daily,일상,drama_music,드라마/음악,드라마/음악 이야기할 때(음악(분위기)),その曲、どんな感じですか。,167.mp3,그 곡은 어떤 느낌이에요?,バラードっぽくて、聞くと落ち着きます。,177.mp3,"발라드 느낌이고, 들으면 마음이 차분해져요.",テンポがはやい曲はどうですか。,バラードですね。私も好きです。,やっぱりダンス曲がいいですよ。,분위기는 ‘〜っぽくて、聞くと〜’로 자연스럽게 말해보세요.,real,2,1,‘〜っぽい’는 ‘~같은 느낌’입니다. ‘聞くと落ち着きます’는 ‘들으면 차분해져요’라는 뜻입니다.
R088,N4,daily,일상,drama_music,드라마/음악,드라마/음악 이야기할 때(음악(상황)),通勤中とかも、音楽聞きますか。,168.mp3,출퇴근할 때도 음악 들어요?,はい、通勤中によく聞きます。,178.mp3,"네, 출퇴근할 때 자주 들어요.",いいえ、誰もいません。,あなたは嫌いですか。,はい、通勤中にも食べました。,상황은 ‘通勤中に’처럼 시간/상황을 붙여 보세요.,real,2,1,‘通勤中’은 ‘출퇴근 중’입니다. ‘通勤中によく聞きます’처럼 말하면 자연스럽습니다.
R089,N4,daily,일상,drama_music,드라마/음악,드라마/음악 이야기할 때(음악(일본곡)),日本の曲も聞きますか。,169.mp3,일본 노래도 들어요?,はい、時々聞きます。,179.mp3,"네, 가끔 들어요.",残念ですが、そろそろ帰りましょう。,あなたも好きですか。,昨日は家で寝ました。,‘時々’로 빈도를 짧게 말해보세요.,real,2,1,‘〜も’는 ‘(한국 곡도 듣고) 일본 곡도’처럼 ‘추가’의 뉘앙스입니다.
R090,N4,daily,일상,drama_music,드라마/음악,드라마/음악 이야기할 때(음악(추천)),おすすめの歌とかありますか。,170.mp3,추천하는 노래 같은 거 있어요?,「ほにゃらら」がおすすめです。,180.mp3,‘호냐라라’ 추천해요.,おすすめはありません。,私も大好きですよ。,次はどちらですか。,추천은 ‘〜がおすすめです’로 깔끔하게 마무리하세요.,real,2,1,‘おすすめ’는 ‘추천’입니다. ‘〜がおすすめです’가 가장 자연스러운 추천 표현입니다.
R091,N4,daily,일상,sns,sns,SNS 이야기할 때(SNS(빈도)),普段SNSってよく使いますか。,181.mp3,평소에 SNS 자주 써요?,はい、毎日使います。,191.mp3,"네, 매일 써요.",はい、週に1〜2回ぐらいです。,もう終わりましたか。,いつからですか。,빈도는 ‘毎日/時々/ほとんど〜ない’로 간단히 말해보세요.,real,2,1,‘普段’는 ‘평소’입니다. ‘使います’는 SNS를 ‘사용하다’라는 뜻입니다.
R092,N4,daily,일상,sns,sns,SNS 이야기할 때(SNS(플랫폼)),YouTubeとインスタ、どっちをよく使いますか。,182.mp3,유튜브랑 인스타 중 뭐를 더 자주 써요?,YouTubeのほうをよく使います。,192.mp3,유튜브를 더 자주 써요.,ネットフリックス、面白いですね。,どっちもあまり使いません。,次はどちらですか。,비교는 ‘〜のほうをよく使います’로 말하면 자연스럽습니다.,real,2,1,‘〜のほうを’는 ‘~쪽을(더)’이라는 비교 표현입니다.
R093,N4,daily,일상,sns,sns,SNS 이야기할 때(YouTube(콘텐츠)),YouTubeではどんな動画を見ることが多いですか。,183.mp3,유튜브에서는 어떤 영상을 많이 봐요?,ショート動画をよく見ます。,193.mp3,쇼츠 영상을 자주 봐요.,言っている意味が分かりません。,いいえ、誰もいません。,やっぱりダンス曲がいいですよ。,‘どんな動画’에는 ‘ショート動画/旅行Vlog’처럼 종류로 답해보세요.,real,2,1,‘どんな動画’는 영상 종류를 묻는 질문입니다. ‘ショート動画’처럼 종류로 답하면 자연스럽습니다.
R094,N4,daily,일상,sns,sns,SNS 이야기할 때(Instagram(콘텐츠)),インスタは、見るとしたら何が多いですか。,184.mp3,인스타는 본다면 뭐를 많이 봐요?,ストーリーとリールを見ることが多いです。,194.mp3,스토리랑 릴스를 많이 봐요.,私はゲームのほうが好きです。,投稿を見ることはあまりないです。,ショート動画を見ることが多いです。,인스타는 ‘ストーリー/リール’ 중 무엇을 많이 보는지 말해보세요.,real,2,1,‘見るとしたら’는 ‘본다면’이라는 조건 표현입니다. ‘ストーリー/リール’은 인스타에서 자주 쓰는 기능입니다.
R095,N4,daily,일상,sns,sns,SNS 이야기할 때(채널(취향)),好きなチャンネルってありますか。,185.mp3,좋아하는 채널 있어요?,はい、「ほにゃらら」っていうのが好きです。,195.mp3,"네, ‘호냐라라’라는 채널을 좋아해요.",いいえ、明日は休むつもりです。,家でいることが多いです。,私も大好きですよ。,채널 이름은 모르면 ‘ほにゃらら’로 말하고 이어가세요.,real,2,1,‘〜っていうのが好き’는 ‘~라고 하는 게 좋아요’라는 구어체 표현입니다. 채널/이름을 자연스럽게 말할 때 쓸 수 있습니다.
R096,N4,daily,일상,sns,sns,SNS 이야기할 때(시간(시청)),1日にどのくらい見ますか。,186.mp3,하루에 얼마나 봐요?,だいたい1時間ぐらいです。,196.mp3,대략 1시간 정도예요.,1時間で着きます。,週に何回ですか。,あなたは嫌いですか。,시간은 ‘〜時間ぐらいです’로 말해보세요.,real,2,1,‘どのくらい’는 ‘얼마나’입니다. ‘1時間ぐらい’처럼 대략을 말하면 됩니다.
R097,N4,daily,일상,sns,sns,SNS 이야기할 때(게시(업로드)),自分でも投稿しますか。,187.mp3,직접 영상도 올려요?,いいえ、投稿はほとんどしません。,197.mp3,"아니요, 거의 안 올려요.",おすすめはありません。,私も大好きですよ。,それはどうしてですか。,업로드는 ‘投稿はほとんどしません’처럼 말해보세요.,real,2,1,‘投稿はほとんどしません’은 ‘업로드는 거의 안 해요’라는 뜻입니다.
R098,N4,daily,일상,sns,sns,SNS 이야기할 때(저장(습관)),気に入ったのがあったら、どうしますか。,188.mp3,마음에 드는 게 있으면 어떻게 해요?,保存します。あとで見たいので。,198.mp3,저장해요. 나중에 보고 싶어서요.,いいねならしませんよ。,そのままスルーします。,保存したかったです。,습관은 ‘保存します’처럼 행동으로 답해보세요.,real,2,1,‘保存します’는 ‘저장해요’입니다. ‘あとで見たいので’로 이유를 덧붙이면 자연스럽습니다.
R099,N4,daily,일상,sns,sns,SNS 이야기할 때(댓글(행동)),コメントはしますか。,189.mp3,댓글은 달아요?,いいえ、あまりしません。,199.mp3,"아니요, 별로 안 달아요.",はい、私もです。,是非来てください。,そろそろ帰りましょうか。,댓글은 ‘あまりしません/たまにします’로 말해보세요.,real,2,1,‘コメント’는 댓글입니다. ‘あまりしません’으로 빈도를 부드럽게 말할 수 있습니다.
R100,N4,daily,일상,sns,sns,SNS 이야기할 때(추천(요즘)),最近、YouTubeでハマってるチャンネルとかありますか？,190.mp3,요즘 유튜브에서 푹 빠진 채널 같은 거 있어요?,「ほにゃらら」っていう旅行Vlogチャンネルにハマっています。,200.mp3,‘호냐라라’라는 여행 브이로그 채널에 빠져 있어요.,私にも教えてください。,最近はバラード曲にハマっています。,山もいいですね。,‘ハマってる’는 ‘빠져 있다’입니다. 채널은 ‘〜っていう〜’로 말해도 돼요.,real,2,1,‘ハマってます’는 ‘요즘 빠져 있어요’입니다. ‘〜っていう旅行Vlogのチャンネル’처럼 말하면 자연스럽습니다.
R101,N4,emotion,감정,like,좋다(감정말하기),요즘 가장 즐거운 시간이 언제인지 물었을 때,最近、何が一番楽しいですか。,201.mp3,요즘 뭐가 제일 즐거워요?,休みの日に家でゆっくりする時間が一番楽しいです。,211.mp3,쉬는 날에 집에서 느긋하게 보내는 시간이 가장 즐거워요.,最近は雨の日が多いですね。,はい、まだ決めていません。,いいえ、今日は行きません。,무엇이 즐거운지 구체적인 시간이나 행동으로 답해보세요.,real,3,1,‘何が一番楽しいですか’에는 좋아하는 행동이나 시간을 구체적으로 말하면 자연스럽습니다.
R102,N4,emotion,감정,like,좋다(감정말하기),이곳 분위기가 어떤지 물었을 때,ここの雰囲気、どうですか。,202.mp3,이곳 분위기 어때요?,いいですね。なんだか落ち着きます。,212.mp3,좋네요. 왠지 마음이 편안해집니다.,はい、コーヒーをお願いします。,そうですね、駅の近くです。,いいえ、まだ見ていません。,분위기에 대한 느낌을 짧고 자연스럽게 말해보세요.,real,3,1,분위기를 말할 때는 ‘落ち着きます’처럼 감정을 붙이면 훨씬 자연스럽습니다.
R103,N4,emotion,감정,like,좋다(감정말하기),처음 들어가 본 가게의 느낌을 말할 때,このお店、入ってみてどうでしたか。,203.mp3,이 가게 들어와 보니 어땠어요?,よかったです。思ったより気楽に入れました。,213.mp3,좋았어요. 생각보다 편하게 들어올 수 있었어요.,はい、毎日使っています。,すみません、ちょっと高いです。,いいえ、まだ食べていません。,처음 예상했던 것과 실제 느낌을 같이 말해보세요.,real,3,1,‘思ったより〜’를 쓰면 처음 느낌과 실제 느낌의 차이를 자연스럽게 말할 수 있습니다.
R104,N4,emotion,감정,like,좋다(감정말하기),이 카페에 다시 오고 싶은지 물었을 때,このカフェ、また来たくなりそうですか。,204.mp3,이 카페 다시 오고 싶을 것 같아요?,はい、たぶんまた来たくなると思います。,214.mp3,네. 아마 또 오고 싶어질 것 같아요.,はい、まだ一度も来ていません。,そうですね、店員さんです。,いいえ、今日は休みです。,다시 오고 싶은 마음이 드는지 자연스럽게 말해보세요.,real,3,1,‘また来たくなる’는 장소가 마음에 들었을 때 자주 쓰는 자연스러운 표현입니다.
R105,N4,emotion,감정,like,좋다(감정말하기),음식 맛이 어떤지 물었을 때,この料理、味はどうですか。,205.mp3,이 요리 맛은 어때요?,おいしいです。こういう味、けっこう好きなんです。,215.mp3,맛있어요. 이런 맛을 꽤 좋아하거든요.,はい、水をください。,ちょっと遠いと思います。,いいえ、今日は寒いです。,맛이 어떤지 말한 뒤 어떤 스타일을 좋아하는지도 덧붙여 보세요.,real,3,1,‘こういう味’는 특정 음식의 분위기나 취향을 부드럽게 말할 때 쓰기 좋습니다.
R106,N4,emotion,감정,like,좋다(감정말하기),이 동네를 걸어본 느낌을 말할 때,この町、歩いてみてどう感じましたか。,206.mp3,이 동네 걸어보니 어떻게 느꼈어요?,静かで、いい町だなと思いました。,216.mp3,조용하고 좋은 동네라고 생각했어요.,はい、三十分ぐらいです。,そうですね、友だちと行きました。,いいえ、写真は撮りませんでした。,동네 전체에 대한 인상과 이유를 함께 말해보세요.,real,3,1,"‘～で、いい町だなと思いました’처럼 전체 이유를 덧붙이고, 말하면 안정적입니다."
R107,N4,emotion,감정,like,좋다(감정말하기),이런 음악이 좋지 않냐고 물었을 때,こういう音楽、いいと思いませんか。,207.mp3,이런 음악 좋지 않다고 생각하지 않아요?,はい、いいですね。ずっと聞いていたくなりますね。,217.mp3,네. 좋네요. 계속 듣고 싶어져요.,はい、さっき終わりました。,そうですね、土曜日が多いです。,いいえ、あまり甘くないです。,음악을 듣고 드는 감정을 자연스럽게 말해보세요.,real,3,1,음악이 마음에 들 때는 ‘ずっと聞いていたくなります’처럼 지속적인 느낌을 말하면 좋습니다.
R108,N4,emotion,감정,like,좋다(감정말하기),오늘 같은 날씨를 좋아하는지 물었을 때,今日みたいな天気、好きですか。,208.mp3,오늘 같은 날씨 좋아해요?,はい、こういう天気はなんだかほっとするので好きです。,218.mp3,네. 이런 날씨는 왠지 마음이 놓여서 좋아해요.,はい、傘を持っています。,そうですね、明日は雨です。,いいえ、まだ見ていません。,날씨가 왜 좋은지 감정을 붙여 답해보세요.,real,3,1,‘ほっとするので好きです’는 날씨가 주는 편안한 느낌을 자연스럽게 표현하는 말입니다.
R109,N4,emotion,감정,like,좋다(감정말하기),언제 행복하다고 느끼는지 물었을 때,どんなときに幸せだなって思いますか。,209.mp3,어떤 때 행복하다고 느껴요?,おいしいものを食べるときです。,219.mp3,맛있는 것을 먹을 때예요.,はい、駅の前です。,そうですね、忙しかったです。,いいえ、まだ決まっていません。,행복하다고 느끼는 순간을 간단하고 분명하게 말해보세요.,real,3,1,‘幸せだなって思いますか’에는 일상 속 구체적인 순간으로 답하는 것이 가장 자연스럽습니다.
R110,N4,emotion,감정,like,좋다(감정말하기),이런 시간이 참 좋다고 공감할 때,こういう時間っていいですよね。,210.mp3,이런 시간 좋죠?,そうですね。ゆっくりできていいですね。,220.mp3,그러네요. 느긋하게 쉴 수 있어서 좋네요.,はい、今から行きます。,いいえ、まだ買っていません。,そうですね、二時間ぐらいです。,상대의 말에 공감한 뒤 왜 좋은지 덧붙여 보세요.,real,3,1,상대의 감정에 맞장구칠 때는 ‘そうですね’ 뒤에 이유를 짧게 붙이면 자연스럽습니다.
R111,N4,emotion,감정,difficult,어렵다(솔직한표현),일본어 공부를 계속하는 것이 힘들지 않냐고 물었을 때,日本語の勉強を続けるのは大変じゃないですか。,221.mp3,일본어 공부를 계속하는 건 힘들지 않아요?,大変ですけど、少しずつできることが増えるとうれしいです。,231.mp3,힘들지만 조금씩 할 수 있는 게 늘어나면 기뻐요.,はい、日本語の勉強は三年目です。,いいえ、今日は家で休みます。,そうですね、駅まで歩きます。,"힘들다는 점을 인정하면서도, 계속하게 되는 이유를 덧붙여 보세요.",real,3,1,"‘大変じゃないですか’에는 힘든 점을 인정한 뒤, 이어가는 이유를 덧붙이면 자연스럽습니다."
R112,N4,emotion,감정,difficult,어렵다(솔직한표현),일본어 공부에서 가장 어려운 것이 무엇인지 물었을 때,日本語の勉強で、何が一番難しいですか。,222.mp3,일본어 공부에서 뭐가 가장 어려워요?,聞き取りです。分かったと思っても、細かいところが聞き取れません。,232.mp3,듣기예요. 알았다고 생각해도 디테일한 부분은 잘 안 들려요.,はい、毎日二時間ぐらい勉強します。,そうですね、日本料理が好きです。,いいえ、まだ宿題は終わっていません。,"가장 어려운 영역 하나를 고르고, 왜 어려운지도 함께 말해보세요.",real,3,1,"‘何が一番難しいですか’에는 분야를 먼저 말하고, 이어서 구체적인 이유를 붙이면 안정적입니다."
R113,N4,emotion,감정,difficult,어렵다(솔직한표현),한자를 외우는 것이 역시 힘들지 않냐고 물었을 때,漢字を覚えるのって、やっぱり大変ですか。,223.mp3,한자를 외우는 건 역시 힘들어요?,はい、似ている漢字が多くて、よく間違えます。,233.mp3,네. 비슷한 한자가 많아서 자주 틀려요.,はい、漢字のノートを買いました。,いいえ、今日はひらがなだけ勉強しました。,そうですね、明日は図書館に行きます。,한자가 왜 어려운지 구체적인 이유를 한 가지 덧붙여 보세요.,real,3,1,한자는 ‘似ている漢字が多い’처럼 실제로 헷갈리는 이유를 함께 말하면 더 자연스럽습니다.
R114,N4,emotion,감정,difficult,어렵다(솔직한표현),일본어로 말하는 것이 아직 힘든지 물었을 때,日本語で話すのは、まだ大変ですか。,224.mp3,일본어로 말하는 건 아직 힘들어요?,はい、頭では分かっていても、すぐには出てきません。,234.mp3,네. 머리로는 알고 있어도 바로 나오지 않아요.,はい、友だちと一緒に行きます。,そうですね、発音はきれいですね。,いいえ、昨日はあまり眠れませんでした。,알고는 있지만 바로 말이 안 나오는 느낌을 자연스럽게 말해보세요.,real,3,1,말하기가 어려울 때는 ‘頭では分かっていても、すぐには出てきません’처럼 많이 표현합니다.
R115,N4,emotion,감정,difficult,어렵다(솔직한표현),일본어 발음이 어떤지 물었을 때,日本語の発音、どうですか。,225.mp3,일본어 발음은 어때요?,まだちょっと難しいです。長い言葉は特に言いにくいです。,235.mp3,아직 조금 어려워요. 긴 단어는 특히 말하기 어려워요.,はい、毎朝発音の練習をしています。,そうですね、教室は三階です。,いいえ、今日は雨じゃないです。,발음이 어려운 이유를 한 가지 구체적으로 말해보세요.,real,3,1,발음에 대해 말할 때는 ‘長い言葉は言いにくい’처럼 구체적인 부분을 말하면 자연스럽습니다.
R116,N4,emotion,감정,difficult,어렵다(솔직한표현),일본어를 자연스럽게 말하는 것이 역시 어려운지 물었을 때,日本語で自然に話すのって、やっぱり難しいですか。,226.mp3,일본어로 자연스럽게 말하는 건 역시 어려워요?,はい、言いたいことはあるんですが、うまく言えないことが多いです。,236.mp3,네. 하고 싶은 말은 있지만 잘 말하지 못하는 경우가 많아요.,はい、日本の映画をよく見ます。,そうですね、週末は忙しいです。,いいえ、その店にはまだ行っていません。,하고 싶은 말은 있지만 자연스럽게 안 나오는 느낌을 살려 보세요.,real,3,1,‘自然に話す’가 어려울 때는 말하고 싶은 내용과 실제 표현 사이의 간격을 말해주면 좋습니다.
R117,N4,emotion,감정,difficult,어렵다(솔직한표현),자기 감정을 일본어로 말하는 것이 어떤지 물었을 때,自分の気持ちを日本語で言うのはどうですか。,227.mp3,자기 기분을 일본어로 말하는 건 어때요?,まだ難しいです。簡単な表現を探しながら話しています。,237.mp3,아직 어려워요. 쉬운 표현을 찾으면서 말하고 있어요.,はい、その気持ちはよく分かります。,そうですね、日本語の先生は親切です。,いいえ、今日はあまり時間がありません。,감정을 바로 말하기 어려울 때는 쉬운 표현을 찾는다고 말해보세요.,real,3,1,감정 표현이 어려울 때는 ‘簡単な表現を探しながら話しています’처럼 말하면 매우 자연스럽습니다.
R118,N4,emotion,감정,difficult,어렵다(솔직한표현),일본어는 듣기만 하면 꽤 알아듣는지 물었을 때,日本語を聞くだけなら、けっこう分かりますか。,228.mp3,일본어는 듣기만 하면 꽤 알아들어요?,少しは分かりますが、早いと難しいです。,238.mp3,"조금은 알아듣지만, 빠르면 어려워요.",はい、日本語の歌をよく聞きます。,そうですね、今日は静かですね。,いいえ、その単語はまだ覚えていません。,조금은 되지만 속도가 빠르면 어렵다는 식으로 답해보세요.,real,3,1,듣기가 완전히 안 되는 것이 아니라 ‘少しは分かる’고 시작하면 훨씬 자연스럽습니다.
R119,N4,emotion,감정,difficult,어렵다(솔직한표현),경어가 어렵지 않냐고 물었을 때,敬語は難しくないですか。,229.mp3,경어는 어렵지 않아요?,はい、場面によって言い方が変わるので難しいです。,239.mp3,네. 상황에 따라 말하는 방식이 달라져서 어려워요.,はい、会社では毎日使います。,そうですね、その人は有名です。,いいえ、今日は授業がありません。,"왜 어려운지, 상황에 따라 달라진다는 점을 붙여 보세요.",real,3,1,경어는 ‘場面によって言い方が変わる’고 설명하면 학습자의 실제 어려움이 잘 드러납니다.
R120,N4,emotion,감정,difficult,어렵다(솔직한표현),일본 드라마나 영화 대사를 듣고 바로 이해하는지 물었을 때,日本のドラマや映画のセリフは、聞いてすぐ分かりますか。,230.mp3,일본 드라마나 영화 대사는 듣고 바로 알아들어요?,いいえ、知らない単語も多いので、難しいです。,240.mp3,아니요. 모르는 단어도 많아서 어려워요.,はい、そのドラマは昨日見ました。,そうですね、映画館は駅の前です。,いいえ、今日は家でゆっくりします。,드라마나 영화 대사가 어려운 이유를 단어와 함께 말해보세요.,real,3,1,드라마나 영화 대사는 속도뿐 아니라 모르는 단어 때문에 어렵다고 말하면 자연스럽습니다.
R121,N4,emotion,감정,surprised,놀라다(뜻밖의반응),최근 가장 놀란 일이 무엇인지 물었을 때,最近、いちばん驚いたことって何ですか。,241.mp3,최근에 가장 놀란 일이 뭐예요?,久しぶりに体重をはかったら、思ったより増えていて驚きました。,251.mp3,"오랜만에 체중을 재 봤더니, 생각보다 늘어 있어서 놀랐어요.",はい、今日は早く寝るつもりです。,そうですね、駅の近くでした。,いいえ、まだ見ていません。,최근 놀란 일을 구체적인 사건으로 말해보세요。,real,3,1,‘いちばん驚いたこと’에는 최근 실제로 있었던 일을 하나 떠올려 구체적으로 답하면 자연스럽습니다。
R122,N4,emotion,감정,surprised,놀라다(뜻밖의반응),그 일에 짐작 가는 이유가 있는지 물었을 때,それはちょっとショックですね。何か心当たりはありますか。,242.mp3,그건 좀 충격이네요. 무슨 짐작 가는 게 있나요?,はい、夜にお菓子をよく食べていたので、そのせいだと思います。,252.mp3,"네, 밤에 과자를 자주 먹었어서 그것 때문인 것 같아요.",はい、毎朝コーヒーを飲みます。,そうですね、静かでいいですね。,いいえ、今日は持っていません。,원인을 한 가지 떠올려 자연스럽게 덧붙여 보세요。,real,3,1,이유를 말할 때는 ‘〜ので、そのせいだと思います’처럼 원인과 추측을 붙이면 매우 자연스럽습니다。
R123,N4,emotion,감정,surprised,놀라다(뜻밖의반응),남의 이야기를 듣고 놀란 적이 있는지 물었을 때,最近、誰かの話を聞いて驚いたことはありますか。,243.mp3,최근에 누군가의 이야기를 듣고 놀란 적이 있나요?,はい、知り合いが急に仕事を辞めたと聞いて驚きました。,253.mp3,"네, 아는 사람이 갑자기 일을 그만뒀다고 해서 놀랐어요.",はい、毎日電車で通っています。,そうですね、その本は有名ですね。,いいえ、今日はあまり寒くないです。,들은 이야기 하나를 들어 왜 놀랐는지 떠올려 보세요。,real,3,1,‘〜と聞いて驚きました’는 남의 이야기를 듣고 놀랐을 때 아주 자주 쓰는 안정적인 표현입니다。
R124,N4,emotion,감정,surprised,놀라다(뜻밖의반응),왜 그렇게 놀랐는지 이유를 말할 때,どうしてそんなに驚いたんですか。,244.mp3,왜 그렇게 놀랐어요?,ずっとその仕事を続けると思っていたからです。,254.mp3,계속 그 일을 할 거라고 생각하고 있었기 때문이에요。,はい、明日は休みです。,そうですね、三回ぐらいです。,いいえ、まだ終わっていません。,이전 예상과 달랐다는 점을 짧게 말해보세요。,real,3,1,놀란 이유를 설명할 때는 ‘〜と思っていたからです’처럼 원래 예상과 달랐다는 점을 말하면 자연스럽습니다。
R125,N4,emotion,감정,surprised,놀라다(뜻밖의반응),가게에서 가격을 보고 놀란 적이 있는지 물었을 때,お店で値段を見て驚いたことはありませんか。,245.mp3,가게에서 가격을 보고 놀란 적 없어요?,あります。前よりかなり高くなっていてびっくりしました。,255.mp3,있어요. 전보다 꽤 비싸져 있어서 깜짝 놀랐어요。,はい、水を一杯お願いします。,そうですね、もう少し歩きます。,いいえ、その店は知りません。,전과 비교해서 얼마나 달라졌는지 말해보세요。,real,3,1,가격에 놀랐을 때는 ‘前よりかなり高くなっていて’처럼 이전과 비교하면 훨씬 자연스럽습니다。
R126,N4,emotion,감정,surprised,놀라다(뜻밖의반응),어떤 가격을 볼 때 특히 놀라는지 말할 때,そういうとき、特に何を見て驚きますか。,246.mp3,그럴 때 무엇을 보고 특히 놀라요?,やっぱり食べ物や飲み物の値段を見ると驚くことが多いです。,256.mp3,역시 음식이나 음료 가격을 보면 놀랄 때가 많아요。,はい、友だちと行く予定です。,そうですね、今日は少し眠いです。,いいえ、まだ決めていません。,특히 놀라는 항목을 하나 골라 말해보세요。,real,3,1,‘何を見て特に驚きますか’에는 구체적인 품목을 들어 답하면 회화가 훨씬 자연스럽게 이어집니다。
R127,N4,emotion,감정,surprised,놀라다(뜻밖의반응),최근에 갑자기 놀란 일이 있었는지 물었을 때,最近、何かびっくりしたことはありましたか。,247.mp3,최근에 무슨 깜짝 놀란 일이 있었어요?,はい、駅で友だちにばったり会ってびっくりしました。,257.mp3,"네, 역에서 친구를 우연히 만나서 깜짝 놀랐어요。",はい、毎日七時に起きます。,そうですね、今日はいい天気ですね。,いいえ、その映画は見ていません。,우연히 일어난 일을 하나 떠올려 답해보세요。,real,3,1,‘ばったり会って’는 우연한 만남에 놀랐을 때 자주 쓰는 표현이라 회화에서 매우 자연스럽습니다。
R128,N4,emotion,감정,surprised,놀라다(뜻밖의반응),그 친구를 자주 보는 사이인지 물었을 때,それはびっくりしますね。よく会う友だちなんですか。,248.mp3,그건 놀라겠네요. 자주 만나는 친구예요?,いいえ、ふだんは全然会わないので、本当に驚きました。,258.mp3,"아니요, 평소에는 전혀 만나지 않아서 정말 놀랐어요。",はい、今日は家で休みます。,そうですね、その辺は静かです。,いいえ、まだ食べていません。,왜 더 놀랐는지 이유를 덧붙여 보세요。,real,3,1,자주 보지 않는 사람이라 더 놀랐다고 말하면 ‘뜻밖의 만남’이라는 느낌이 분명하게 살아납니다。
R129,N4,emotion,감정,surprised,놀라다(뜻밖의반응),사람의 변화에 놀란 적이 있는지 물었을 때,人の変化を見て驚いたことはありますか。,249.mp3,사람의 변화를 보고 놀란 적이 있나요?,はい、久しぶりに会った友だちの雰囲気が変わっていて驚きました。,259.mp3,"네, 오랜만에 만난 친구의 분위기가 바뀌어 있어서 놀랐어요。",はい、その店は駅の前にあります。,そうですね、先週は忙しかったです。,いいえ、今日はあまり時間がありません。,오랜만에 본 사람의 변화에 주목해 답해보세요。,real,3,1,사람의 변화를 말할 때는 ‘雰囲気が変わっていて’처럼 전체적인 인상을 말하면 부담 없이 자연스럽습니다。
R130,N4,emotion,감정,surprised,놀라다(뜻밖의반응),어떻게 달라졌는지 구체적으로 말할 때,どんなふうに変わっていたんですか。,250.mp3,어떻게 달라져 있었어요?,前より明るくなっていて、話し方にも自信がある感じでした。,260.mp3,"전보다 밝아져 있었고, 말투도 자신감이 있는 느낌이었어요。",はい、明日は図書館に行きます。,そうですね、その料理はおいしいです。,いいえ、まだ連絡していません。,변화한 점을 두 가지 정도 이어서 말해보세요。,real,3,1,‘前より〜なっていて’처럼 이전과 비교하면서 두 가지 정도 특징을 붙이면 설명이 훨씬 풍부해집니다。
R131,N4,emotion,감정,jealous,부럽다(간접반응),다음 달 여행을 간다는 말을 듣고 부러움을 섞어 반응할 때,来月、旅行に行くんです。,261.mp3,다음 달에 여행을 가요.,いいですね。私も行きたいです。,271.mp3,좋네요. 저도 가고 싶어요.,はい、今日は少し忙しいです。,いいですね、その店は近いです。,はい、まだ予約していません。,상대의 계획이 좋아 보여서 나도 가고 싶다고 반응해 보세요.,real,3,1,여행 이야기를 들었을 때는 ‘いいですね’로 반응한 뒤 ‘私も行きたいです’처럼 내 마음을 덧붙이면 자연스럽게 부러움을 표현할 수 있습니다.
R132,N4,emotion,감정,jealous,부럽다(간접반응),매일 한국 친구와 언어교환을 한다는 말을 듣고 부럽게 느낄 때,韓国の友だちと毎日エクスチェンジしています。,262.mp3,한국 친구와 매일 언어교환을 하고 있어요.,すごいですね。毎日話せる相手がいるのはちょっとうらやましいです。,272.mp3,대단하네요. 매일 이야기할 상대가 있는 건 조금 부러워요.,はい、朝はパンを食べました。,そうですね、今日は寒いですね。,いいえ、その映画は見ていません。,매일 대화할 상대가 있다는 점이 부럽다고 말해보세요.,real,3,1,‘話せる相手がいる’처럼 부러운 이유를 구체적으로 말하면 단순한 칭찬보다 훨씬 자연스럽게 들립니다.
R133,N4,emotion,감정,jealous,부럽다(간접반응),회사가 쉬는 날이 많다는 말을 듣고 이상적이라고 느낄 때,うちの会社は休みがけっこう多いんです。,263.mp3,우리 회사는 쉬는 날이 꽤 많아요.,そうなんですか。ちゃんと休めるのは、ほんとに理想的ですね。,273.mp3,그래요? 제대로 쉴 수 있는 건 정말 이상적이네요.,はい、駅まで十分ぐらいです。,そうなんですね、字がきれいですね。,いいえ、今日はまだ食べていません。,많이 쉬는 점 자체보다 제대로 쉴 수 있다는 점에 반응해 보세요.,real,3,1,휴일이 많다는 말에는 ‘ちゃんと休める’처럼 삶의 여유에 초점을 두면 부러움이 더 자연스럽게 전달됩니다.
R134,N4,emotion,감정,jealous,부럽다(간접반응),집에서 회사까지 걸어서 간다는 말을 듣고 통근이 편하겠다고 반응할 때,家から会社まで歩いて行けるんです。,264.mp3,집에서 회사까지 걸어갈 수 있어요.,それはいいですね。通勤が楽だと、かなり助かりますよね。,274.mp3,그거 좋네요. 출퇴근이 편하면 많은 도움이 되죠.,はい、昨日は早く寝ました。,そうですか。その本は長いです。,いいえ、まだ連絡していません。,가깝다는 사실보다 출퇴근이 편한 점에 공감해 보세요.,real,3,1,‘通勤が楽だと’처럼 현실적으로 편한 점을 말하면 직접 ‘부럽다’라고 하지 않아도 감정이 자연스럽게 살아납니다.
R135,N4,emotion,감정,jealous,부럽다(간접반응),자주 오는 단골 카페가 있다는 말을 듣고 나도 그런 곳을 갖고 싶다고 말할 때,このカフェ、よく来るお気に入りの場所なんです。,265.mp3,이 카페는 자주 오는 좋아하는 곳이에요.,いいですね。私もそういう場所が一つほしいです。,275.mp3,좋네요. 저도 그런 곳이 하나 있으면 좋겠어요.,はい、今日はここで待ちます。,先週は忙しかったです。,いいですね、その服は買いませんでした。,마음 편히 갈 수 있는 나만의 장소가 부럽다고 말해보세요.,real,3,1,‘そういう場所が一つほしいです’는 직접적인 부러움보다 부드럽게 동경을 드러낼 때 쓰기 좋은 표현입니다.
R136,N4,emotion,감정,jealous,부럽다(간접반응),주말에 별다른 일정 없이 푹 쉴 수 있다는 말을 듣고 여유가 부럽다고 반응할 때,週末はあまり予定がなくて、ゆっくりできそうです。,266.mp3,주말에는 별로 일정이 없어서 푹 쉴 수 있을 것 같아요.,それはいいですね。何もない週末って、逆にぜいたくですよね。,276.mp3,그거 좋네요. 아무 일정 없는 주말은 오히려 사치죠.,はい、その道をまっすぐ行きます。,そうですね、今日は元気です。,いいえ、まだ終わっていません。,바쁘지 않은 주말의 여유를 좋게 받아주는 느낌으로 답해보세요.,real,3,1,‘逆にぜいたくですよね’는 한가한 시간이 오히려 귀하다는 뉘앙스를 자연스럽게 보여주는 말입니다.
R137,N4,emotion,감정,jealous,부럽다(간접반응),긴장해도 얼굴에 잘 드러나지 않는다는 말을 듣고 부럽다고 느낄 때,緊張しても、あまり顔に出ないほうなんです。,267.mp3,긴장해도 얼굴에 별로 드러나지 않는 편이에요.,それは助かりますね。私はすぐ顔に出るので、ちょっとうらやましいですね。,277.mp3,저는 금방 얼굴에 드러나서 조금 부럽네요.,はい、その料理はよく作ります。,わかりません、駅はこの近くです。,いいえ、今日はまだ見ていません。,나는 얼굴에 바로 티가 난다는 점과 비교해서 말해보세요.,real,3,1,내 상황과 비교해 ‘私はすぐ顔に出るので’라고 덧붙이면 부러움이 훨씬 솔직하게 들립니다.
R138,N4,emotion,감정,jealous,부럽다(간접반응),어릴 때부터 피아노를 계속해 왔다는 말을 듣고 대단하다고 느낄 때,子どものころからずっとピアノを続けているんです。,268.mp3,어릴 때부터 계속 피아노를 하고 있어요.,すごいですね。一つのことを長く続けられるのって、ほんとに立派です。,278.mp3,대단하네요. 한 가지를 오래 계속할 수 있다는 건 정말 훌륭해요.,さぁ、今日は早く帰ります。,そうですね、その映画は有名です。,そうですね、今日は寒いですね。,기술 자체보다 오래 계속했다는 점에 초점을 맞춰 보세요.,real,3,1,이번 문장은 직접적인 부러움보다 존경이 섞인 반응입니다. ‘長く続けられる’에 초점을 두면 감정이 또렷해집니다.
R139,N4,emotion,감정,jealous,부럽다(간접반응),피곤할 때도 금방 잠드는 편이라는 말을 듣고 그 체질이 부럽다고 느낄 때,疲れたときでも、わりとすぐ眠れるほうなんです。,269.mp3,피곤할 때도 비교적 금방 잠드는 편이에요.,それは助かりますね。私は逆に、疲れていても寝つけないことがあります。,279.mp3,저는 반대로 피곤해도 잠이 안 올 때가 있어요.,はい、その店にはよく行きます。,そうですね、その辺は静かです。,はい、会社では毎日使います。,나와 비교해서 더 와닿는 느낌으로 답해보세요.,real,3,1,"직접 ‘부럽다’라고 하지 않아도, 내 상황을 비교해 말하면 상대의 상태가 좋아 보인다는 감정이 충분히 전달됩니다."
R140,N4,emotion,감정,jealous,부럽다(간접반응),바쁠수록 더 침착하게 행동한다는 말을 듣고 부럽다고 반응할 때,忙しいときほど、逆に落ち着いて行動するようにしています。,270.mp3,바쁠 때일수록 오히려 침착하게 행동하려고 해요.,すごいですね。私はあわててしまうので、そういうところはうらやましいです。,280.mp3,대단하네요. 저는 허둥대 버려서 그런 점은 부러워요.,はい、そのかばんは軽いです。,そうですね、明日は休みです。,いいえ、まだ電話していません。,내 성향과 비교해서 상대의 장점을 부럽게 받아줘 보세요.,real,3,1,‘私はあわててしまうので’처럼 내 약한 점을 먼저 말하면 상대의 강점이 더 자연스럽게 돋보입니다.
